이용일	확정일	카드구분	카드명(카드번호 뒤 4자리)	가맹점명	사업자번호	승인번호	할부 개월	이용금액
2025년 09월 30일	2025년 09월 30일	본인	네이버 현대카드 320*	09월티머니지하철 0001건	104-81-83559	 94569725	00개월	1,550원
2025년 09월 28일	2025년 09월 30일	본인	현대카드 하이패스 000*	서부간선지하도로 0001건	101-86-89700	 94180750	00개월	2,800원
2025년 09월 28일	2025년 09월 30일	본인	현대카드 하이패스 000*	한국도로공사 0003건	129-82-00103	 94569470	00개월	2,800원
2025년 09월 28일	2025년 09월 30일	본인	현대카드 하이패스 000*	제이경인연결고속도로주식회0001건	201-86-02911	 94110607	00개월	1,200원
2025년 09월 27일	2025년 09월 29일	본인	현대카드 하이패스 000*	일산대교 0001건	101-81-84791	 94098727	00개월	1,200원
2025년 09월 27일	2025년 09월 28일	본인	Hyundai Mobility카드 180*	한국정보통신 - 용산구시설관리공단	116-81-19948	 00769113	00개월	6,000원
2025년 09월 27일	2025년 09월 28일	본인	Hyundai Mobility카드 180*	늘품오일한길셀프주유소	889-81-01357	 00659525	00개월	63,920원
2025년 09월 27일	2025년 09월 28일	본인	네이버 현대카드 320*	미드나잇포레스트	205-35-88049	 00862411	00개월	37,000원
2025년 09월 27일	2025년 09월 28일	본인	네이버 현대카드 320*	해방공원	524-23-01222	 00872516	00개월	5,800원
2025년 09월 27일	2025년 09월 28일	본인	네이버 현대카드 320*	철이네아이스께끼불로신명점	446-04-03119	 00247881	00개월	11,000원
2025년 09월 27일	2025년 09월 28일	본인	네이버 현대카드 320*	우아한형제들	524-86-01528	 00386132	00개월	25,900원
2025년 09월 26일	2025년 09월 27일	본인	네이버 현대카드 320*	네이버페이	524-86-01528	 00917546	00개월	25,000원
2025년 09월 25일	2025년 09월 26일	본인	네이버 현대카드 320*	카카오 - 주식회사 카카오	527-88-00686	 00041127	00개월	5,700원
2025년 09월 24일	2025년 09월 25일	본인	Hyundai Mobility카드 180*	아파트관리비	213-86-15419	 92199653	00개월	146,490원
2025년 09월 23일	2025년 09월 24일	본인	네이버 현대카드 320*	네이버페이	524-86-01528	 00370009	00개월	10,000원
2025년 09월 22일	2025년 09월 23일	본인	네이버 현대카드 320*	SK브로드밴드	214-86-18758	 92144293	00개월	20,900원
2025년 09월 21일	2025년 09월 22일	본인	네이버 현대카드 320*	롯데쇼핑㈜ 딥디크	104-81-26067	 00741039	00개월	101,000원
2025년 09월 21일	2025년 09월 22일	본인	네이버 현대카드 320*	롯데쇼핑㈜ 입생로랑(단품)	104-81-26067	 00029929	00개월	52,000원
2025년 09월 21일	2025년 09월 22일	본인	네이버 현대카드 320*	나이스 - 주식회사 쏘카	815-81-00527	 00959711	00개월	6,500원
2025년 09월 20일	2025년 09월 21일	본인	네이버 현대카드 320*	우아한형제들	524-86-01528	 00190781	00개월	21,910원
2025년 09월 19일	2025년 09월 20일	본인	네이버 현대카드 320*	빽다방마곡리더스타워점	608-28-93383	 00879012	00개월	3,700원
2025년 09월 19일	2025년 09월 20일	본인	네이버 현대카드 320*	마곡온약국	208-22-15977	 00666916	00개월	3,000원
2025년 09월 19일	2025년 09월 20일	본인	네이버 현대카드 320*	팔뚱까스	822-27-01745	 00334489	00개월	4,000원
2025년 09월 19일	2025년 09월 20일	본인	네이버 현대카드 320*	네이버파이낸셜(주) - 배민클럽_우아한형제	524-86-01528	 00317113	00개월	1,990원
2025년 09월 18일	2025년 09월 19일	본인	네이버 현대카드 320*	보승회관까치산역점	249-85-02390	 00395847	00개월	21,000원
2025년 09월 18일	2025년 09월 19일	본인	네이버 현대카드 320*	바른숨이비인후과의원	540-99-00424	 00332949	00개월	10,000원
2025년 09월 18일	2025년 09월 19일	본인	네이버 현대카드 320*	쓰리엑스라지커피이대서울병원점	114-85-38724	 00787260	00개월	2,500원
2025년 09월 18일	2025년 09월 19일	본인	네이버 현대카드 320*	마곡하나약국	835-16-02161	 00344593	00개월	2,900원
2025년 09월 17일	2025년 09월 18일	본인	네이버 현대카드 320*	혼키	201-33-65910	 00448298	00개월	12,900원
2025년 09월 17일	2025년 09월 18일	본인	네이버 현대카드 320*	씨유CU까치산역점	298-09-01384	 00591078	00개월	5,000원
2025년 09월 17일	2025년 09월 17일	본인	네이버 현대카드 320*	나이스_마이시큐리티플러스	116-81-15020	 94895082	00개월	990원
2025년 09월 15일	2025년 09월 16일	본인	네이버 현대카드 320*	네이버페이	524-86-01528	 00542827	00개월	20,024원
2025년 09월 13일	2025년 09월 14일	본인	네이버 현대카드 320*	시현하다	772-87-03025	 00909493	00개월	5,000원
2025년 09월 13일	2025년 09월 14일	본인	네이버 현대카드 320*	타이반쩜마곡점	529-38-00862	 00970002	00개월	12,000원
2025년 09월 13일	2025년 09월 14일	본인	네이버 현대카드 320*	아가방플렉스원그로브몰	220-81-01830	 00094989	00개월	64,000원
2025년 09월 13일	2025년 09월 14일	본인	네이버 현대카드 320*	이도곰탕원그로브점	339-85-02728	 00344552	00개월	26,000원
2025년 09월 13일	2025년 09월 14일	본인	네이버 현대카드 320*	PASTEURMILKBAR	186-81-00924	 00782000	00개월	7,100원
2025년 09월 13일	2025년 09월 14일	본인	네이버 현대카드 320*	러쉬코리아	201-81-77964	 00523533	00개월	78,000원
2025년 09월 12일	2025년 09월 13일	본인	네이버 현대카드 320*	현대백화점목동점	117-85-09271	 00625988	00개월	12,400원
2025년 09월 12일	2025년 09월 13일	본인	네이버 현대카드 320*	띠앗룸	216-22-17812	 00220118	00개월	60,000원
2025년 09월 12일	2025년 09월 13일	본인	네이버 현대카드 320*	젤라떼리아띠아모이대서울병원점	460-22-02124	 00602968	00개월	3,900원
2025년 09월 11일	2025년 09월 12일	본인	네이버 현대카드 320*	개성손만두	259-15-00417	 00079939	00개월	24,000원
2025년 09월 11일	2025년 09월 12일	본인	네이버 현대카드 320*	씨유이웰메디파크점	671-03-02005	 00586180	00개월	1,800원
2025년 09월 10일	2025년 09월 11일	본인	네이버 현대카드 320*	토스페이먼츠 - (주)카카오	411-86-01799	 00653084	00개월	27,900원
2025년 09월 09일	2025년 09월 10일	본인	네이버 현대카드 320*	신세계프라퍼티코엑스몰	104-86-52503	 00407055	00개월	22,200원
2025년 09월 09일	2025년 09월 09일	본인	네이버 현대카드 320*	#LG유플러스통신요 -**90-1167	220-81-39938	 94203748	00개월	19,990원
2025년 09월 08일	2025년 09월 09일	본인	Hyundai Mobility카드 180*	인천도시가스자동이체	137-81-02459	 92112750	00개월	8,430원
2025년 09월 08일	2025년 09월 09일	본인	네이버 현대카드 320*	서울홍성원	429-81-00160	 00683668	00개월	35,000원
2025년 09월 06일	2025년 09월 08일	본인	현대카드 하이패스 000*	한국도로공사 0004건	129-82-00103	 94232585	00개월	6,700원
2025년 09월 06일	2025년 09월 07일	본인	Hyundai Mobility카드 180*	태리알뜰주유소	257-29-01265	 00047860	00개월	69,000원
2025년 09월 06일	2025년 09월 07일	본인	네이버 현대카드 320*	온더보더에버랜드점	273-85-02132	 00639533	00개월	41,800원
2025년 09월 06일	2025년 09월 07일	본인	네이버 현대카드 320*	짱	775-81-00516	 00584274	00개월	2,000원
2025년 09월 06일	2025년 09월 07일	본인	네이버 현대카드 320*	스타벅스코리아	201-81-21515	 00798402	00개월	7,300원
2025년 09월 06일	2025년 09월 07일	본인	네이버 현대카드 320*	에버랜드리조트	135-85-04288	 00821711	00개월	7,000원
2025년 09월 06일	2025년 09월 07일	본인	네이버 현대카드 320*	에버랜드리조트	135-85-04288	 00817213	00개월	22,000원
2025년 09월 06일	2025년 09월 07일	본인	네이버 현대카드 320*	에버랜드리조트	135-85-04288	 00264999	00개월	5,000원
2025년 09월 06일	2025년 09월 07일	본인	네이버 현대카드 320*	에버랜드리조트	135-85-04288	 00011891	00개월	17,900원
2025년 09월 05일	2025년 09월 07일	본인	현대카드 하이패스 000*	일산대교 0001건	101-81-84791	 94358050	00개월	1,200원
2025년 09월 05일	2025년 09월 06일	본인	네이버 현대카드 320*	푸드엠파이어이대서울병원점	710-85-01175	 00816803	00개월	10,000원
2025년 09월 05일	2025년 09월 06일	본인	네이버 현대카드 320*	와카츠	687-21-02187	 00089670	00개월	15,000원
2025년 09월 05일	2025년 09월 06일	본인	네이버 현대카드 320*	GS25용산삼각지점	563-22-00667	 00613152	00개월	2,200원
2025년 09월 04일	2025년 09월 05일	본인	네이버 현대카드 320*	쓰리엑스라지커피이대서울병원점	114-85-38724	 00593523	00개월	2,500원
2025년 09월 03일	2025년 09월 05일	본인	네이버 현대카드 320*	씨제이올리브영여의도IFC점	809-81-01574	 00471886	00개월	14,220원
2025년 09월 03일	2025년 09월 04일	본인	네이버 현대카드 320*	더현대서울일반	124-85-86989	 00018268	00개월	6,000원
2025년 09월 03일	2025년 09월 04일	본인	네이버 현대카드 320*	더현대서울일반	124-85-86989	 00346781	00개월	14,000원
2025년 09월 03일	2025년 09월 04일	본인	네이버 현대카드 320*	빽다방마곡리더스타워점	608-28-93383	 00859462	00개월	5,300원
2025년 09월 03일	2025년 09월 04일	본인	네이버 현대카드 320*	무인양품IFC몰점	883-85-00703	 00474487	00개월	14,800원
2025년 09월 03일	2025년 09월 04일	본인	네이버 현대카드 320*	빅브로	863-07-02465	 00239489	00개월	6,500원
2025년 08월 27일	2025년 08월 28일	본인	네이버 현대카드 320*	전주해장국	501-87-02410	 00216621	00개월	45,000원
2025년 08월 26일	2025년 08월 27일	본인	Hyundai Mobility카드 180*	아파트관리비	213-86-15419	 92113555	00개월	135,270원
2025년 08월 25일	2025년 08월 26일	본인	네이버 현대카드 320*	씨유CU까치산역점	298-09-01384	 00379903	00개월	3,900원
2025년 08월 24일	2025년 08월 25일	본인	네이버 현대카드 320*	우아한형제들	524-86-01528	 00410641	00개월	15,800원
2025년 08월 23일	2025년 08월 24일	본인	네이버 현대카드 320*	이씨네	304-52-00648	 00259404	00개월	37,000원
2025년 08월 23일	2025년 08월 24일	본인	네이버 현대카드 320*	새검정	506-55-00847	 00988922	00개월	18,000원
2025년 08월 21일	2025년 08월 22일	본인	네이버 현대카드 320*	필라무드	750-13-01860	 00044319	00개월	660,000원
2025년 08월 21일	2025년 08월 22일	본인	네이버 현대카드 320*	꿀그릭	538-56-00889	 00255423	00개월	5,500원
2025년 08월 21일	2025년 08월 22일	본인	네이버 현대카드 320*	SK브로드밴드	214-86-18758	 92144694	00개월	34,171원
2025년 08월 20일	2025년 08월 21일	본인	네이버 현대카드 320*	씨유이웰메디파크점	671-03-02005	 00477179	00개월	1,800원
2025년 08월 20일	2025년 08월 21일	본인	네이버 현대카드 320*	네이버페이	524-86-01528	 00500928	00개월	33,800원
2025년 08월 19일	2025년 08월 20일	본인	네이버 현대카드 320*	네이버파이낸셜(주) - 배민클럽_우아한형제	524-86-01528	 00825860	00개월	1,990원
2025년 08월 19일	2025년 08월 20일	본인	네이버 현대카드 320*	네이버페이	524-86-01528	 00882727	00개월	10,000원
2025년 08월 17일	2025년 08월 18일	본인	네이버 현대카드 320*	우아한형제들	524-86-01528	 00830790	00개월	21,000원
2025년 08월 17일	2025년 08월 17일	본인	네이버 현대카드 320*	나이스_마이시큐리티플러스	116-81-15020	 94494910	00개월	990원
2025년 08월 16일	2025년 08월 17일	본인	네이버 현대카드 320*	명륜진사갈비불로점	742-14-01022	 00393340	00개월	49,700원
2025년 08월 15일	2025년 08월 19일	본인	현대카드 하이패스 000*	한국도로공사 0001건	129-82-00103	 94070538	00개월	1,400원
2025년 08월 15일	2025년 08월 19일	본인	현대카드 하이패스 000*	제이서해안고속도로 0001건	138-81-37650	 94893545	00개월	2,900원
2025년 08월 15일	2025년 08월 17일	본인	현대카드 하이패스 000*	한국도로공사 0002건	129-82-00103	 94944860	00개월	2,300원
2025년 08월 15일	2025년 08월 16일	본인	Hyundai Mobility카드 180*	덕수파스타대전둔산점	474-15-02542	 00520267	00개월	23,800원
2025년 08월 15일	2025년 08월 16일	본인	Hyundai Mobility카드 180*	스몰타운커피	519-52-00648	 00566829	00개월	13,000원
2025년 08월 15일	2025년 08월 16일	본인	Hyundai Mobility카드 180*	장어일주	831-08-02577	 00244642	00개월	36,000원
2025년 08월 15일	2025년 08월 16일	본인	Hyundai Mobility카드 180*	아임일리터교육청네거리점	791-66-00664	 00506730	00개월	1,900원
2025년 08월 15일	2025년 08월 16일	본인	Hyundai Mobility카드 180*	늘품오일한길셀프주유소	889-81-01357	 00857950	00개월	40,200원
2025년 08월 15일	2025년 08월 16일	본인	네이버 현대카드 320*	썬토이	893-88-02505	 00044172	00개월	5,000원
2025년 08월 15일	2025년 08월 16일	본인	네이버 현대카드 320*	홈플러스김포점	220-81-60348	 00027270	00개월	91,630원
2025년 08월 14일	2025년 08월 16일	본인	현대카드 하이패스 000*	한국도로공사 0001건	129-82-00103	 94842819	00개월	1,100원
2025년 08월 14일	2025년 08월 15일	본인	Hyundai Mobility카드 180*	신세계Art&Science버터풀앤크	183-88-00512	 00894777	00개월	11,000원
2025년 08월 14일	2025년 08월 15일	본인	Hyundai Mobility카드 180*	꾸드뱅베이커스하우스	579-32-01637	 00179597	00개월	2,800원
2025년 08월 14일	2025년 08월 15일	본인	Hyundai Mobility카드 180*	꾸드뱅베이커스하우스	579-32-01637	 00554734	00개월	18,700원
2025년 08월 14일	2025년 08월 15일	본인	Hyundai Mobility카드 180*	포토웍스	843-21-00095	 00704746	00개월	5,000원
2025년 08월 14일	2025년 08월 15일	본인	Hyundai Mobility카드 180*	스마틱스	113-86-38602	 00167275	00개월	2,000원
2025년 08월 14일	2025년 08월 15일	본인	Hyundai Mobility카드 180*	삼정주유소	314-29-60077	 00201932	00개월	6,000원
2025년 08월 14일	2025년 08월 15일	본인	Hyundai Mobility카드 180*	글라쇼둔산점	366-25-02084	 00764850	00개월	3,900원
2025년 08월 14일	2025년 08월 15일	본인	Hyundai Mobility카드 180*	대선칼국수	872-78-00331	 00050787	00개월	58,000원
2025년 08월 14일	2025년 08월 15일	본인	Hyundai Mobility카드 180*	레코드둔산	144-53-00868	 00750902	00개월	18,000원
2025년 08월 14일	2025년 08월 15일	본인	Hyundai Mobility카드 180*	바로그집둔산점	839-53-00796	 00340807	00개월	11,000원
2025년 08월 14일	2025년 08월 15일	본인	Hyundai Mobility카드 180*	몽심	816-86-02784	 00764594	00개월	9,000원
2025년 08월 14일	2025년 08월 15일	본인	Hyundai Mobility카드 180*	교보문고	102-81-11670	 00995631	00개월	12,100원
2025년 08월 13일	2025년 08월 15일	본인	현대카드 하이패스 000*	한국도로공사 0004건	129-82-00103	 94094896	00개월	8,700원
2025년 08월 13일	2025년 08월 15일	본인	현대카드 하이패스 000*	서부내륙고속도로 0001건	202-81-64948	 94903391	00개월	3,700원
2025년 08월 13일	2025년 08월 14일	본인	Hyundai Mobility카드 180*	진산단위농협	305-82-01031	 00228215	00개월	35,420원
2025년 08월 13일	2025년 08월 14일	본인	Hyundai Mobility카드 180*	늘품오일한길셀프주유소	889-81-01357	 00333365	00개월	65,928원
2025년 08월 13일	2025년 08월 14일	본인	네이버 현대카드 320*	시흥하늘휴게소	140-81-57533	 00385413	00개월	5,000원
2025년 08월 13일	2025년 08월 14일	본인	네이버 현대카드 320*	시흥하늘휴게소	140-81-57533	 00432204	00개월	2,200원
2025년 08월 13일	2025년 08월 14일	본인	네이버 현대카드 320*	시흥하늘휴게소	140-81-57533	 00236042	00개월	4,900원
2025년 08월 12일	2025년 08월 14일	본인	현대카드 하이패스 000*	한국도로공사 0005건	129-82-00103	 94172669	00개월	5,300원
2025년 08월 12일	2025년 08월 14일	본인	현대카드 하이패스 000*	과천의왕고속화도로 0001건	211-88-16677	 94079713	00개월	900원
2025년 08월 12일	2025년 08월 14일	본인	현대카드 하이패스 000*	화성광주고속도로 0001건	101-86-78028	 94945299	00개월	600원
2025년 08월 12일	2025년 08월 14일	본인	현대카드 하이패스 000*	수원순환도로 0001건	120-87-93105	 94938371	00개월	1,800원
2025년 08월 12일	2025년 08월 13일	본인	Hyundai Mobility카드 180*	한국정보통신 - 수원도시공사	116-81-19948	 00312839	00개월	100원
2025년 08월 12일	2025년 08월 13일	본인	Hyundai Mobility카드 180*	밀키샵광교점	526-13-02679	 00863169	00개월	7,200원
2025년 08월 12일	2025년 08월 13일	본인	네이버 현대카드 320*	나이스 - Agoda	815-81-00527	 00141268	00개월	60,336원
2025년 08월 11일	2025년 08월 12일	본인	네이버 현대카드 320*	맘스푸드	348-14-01795	 00131393	00개월	5,000원
2025년 08월 11일	2025년 08월 12일	본인	네이버 현대카드 320*	#LG유플러스통신요 -**90-1167	220-81-39938	 92157365	00개월	19,990원
2025년 08월 10일	2025년 08월 11일	본인	Hyundai Mobility카드 180*	북경짜장2900본점	592-85-01053	 00490558	00개월	32,700원
2025년 08월 10일	2025년 08월 11일	본인	Hyundai Mobility카드 180*	리스터프	216-14-24808	 00239443	00개월	18,000원
2025년 08월 10일	2025년 08월 11일	본인	네이버 현대카드 320*	오렌지문구.펜시	416-09-37141	 00835106	00개월	5,200원
2025년 08월 10일	2025년 08월 11일	본인	네이버 현대카드 320*	팡팡코인노래연습장	402-59-00771	 00003544	00개월	5,000원
2025년 08월 09일	2025년 08월 10일	본인	Hyundai Mobility카드 180*	현대아울렛김포점	234-85-01856	 00092970	00개월	143,500원
2025년 08월 09일	2025년 08월 10일	본인	Hyundai Mobility카드 180*	나무휴식	114-81-53014	 00474816	00개월	19,600원
2025년 08월 09일	2025년 08월 10일	본인	Hyundai Mobility카드 180*	나무휴식	114-81-53014	 00395270	00개월	4,800원
2025년 08월 09일	2025년 08월 10일	본인	네이버 현대카드 320*	으뜸50안경아라점	441-45-00935	 00016313	00개월	92,000원
2025년 08월 09일	2025년 08월 10일	본인	네이버 현대카드 320*	홈플러스김포점	220-81-60348	 00992225	00개월	50,900원
2025년 08월 09일	2025년 08월 10일	본인	네이버 현대카드 320*	카카오 - 주식회사 카카오	527-88-00686	 00352084	00개월	18,500원
2025년 08월 08일	2025년 08월 10일	본인	현대카드 하이패스 000*	일산대교 0001건	101-81-84791	 94206867	00개월	1,200원
2025년 08월 08일	2025년 08월 09일	본인	Hyundai Mobility카드 180*	천지식당	698-37-00593	 00565926	00개월	21,000원
2025년 08월 08일	2025년 08월 09일	본인	Hyundai Mobility카드 180*	프리츠	105-88-01127	 00806033	00개월	4,400원
2025년 08월 08일	2025년 08월 09일	본인	Hyundai Mobility카드 180*	GS25마포역점	291-70-00176	 00030771	00개월	2,200원
2025년 08월 08일	2025년 08월 09일	본인	Hyundai Mobility카드 180*	서울시주차장	104-83-00469	 00047555	00개월	5,500원
2025년 08월 07일	2025년 08월 08일	본인	Hyundai Mobility카드 180*	인천도시가스자동이체	137-81-02459	 92106709	00개월	4,230원
2025년 08월 07일	2025년 08월 08일	본인	네이버 현대카드 320*	씨유CU화곡수정점	692-72-00484	 00454503	00개월	5,600원
2025년 08월 05일	2025년 08월 06일	본인	네이버 현대카드 320*	꽃한모금	119-99-20089	 00405319	00개월	20,000원
2025년 08월 05일	2025년 08월 06일	본인	네이버 현대카드 320*	씨유이웰메디파크점	671-03-02005	 00284275	00개월	2,300원
2025년 08월 05일	2025년 08월 06일	본인	네이버 현대카드 320*	네이버페이	524-86-01528	 00572836	00개월	42,900원
2025년 08월 04일	2025년 08월 05일	본인	네이버 현대카드 320*	씨유CU까치산역점	298-09-01384	 00504459	00개월	5,600원
2025년 08월 02일	2025년 08월 03일	본인	Hyundai Mobility카드 180*	한길세차장	308-08-63598	 00353679	00개월	5,000원
2025년 08월 02일	2025년 08월 03일	본인	Hyundai Mobility카드 180*	늘품오일한길셀프주유소	889-81-01357	 00033432	00개월	66,739원
2025년 08월 02일	2025년 08월 03일	본인	네이버 현대카드 320*	로마니나	311-87-02836	 00744407	00개월	14,500원
2025년 08월 02일	2025년 08월 03일	본인	네이버 현대카드 320*	식자재마트마켓탑	721-09-01701	 00580652	00개월	28,300원
2025년 08월 02일	2025년 08월 03일	본인	네이버 현대카드 320*	다이소아성산업	213-81-52063	 00072116	00개월	4,000원
2025년 08월 01일	2025년 08월 02일	본인	네이버 현대카드 320*	웨랭커피	678-26-02043	 00217899	00개월	11,400원
2025년 08월 01일	2025년 08월 02일	본인	네이버 현대카드 320*	더블랙	795-32-00400	 00480779	00개월	29,700원
2025년 07월 29일	2025년 07월 30일	본인	네이버 현대카드 320*	쓰리엑스라지커피이대서울병원점	114-85-38724	 00843805	00개월	4,000원
2025년 07월 27일	2025년 07월 28일	본인	네이버 현대카드 320*	토스페이먼츠주식회사 - (주)비바리퍼블리	411-86-01799	 00797198	00개월	2,500원
2025년 07월 27일	2025년 07월 28일	본인	네이버 현대카드 320*	스타벅스코리아	201-81-21515	 00301821	00개월	4,150원
2025년 07월 27일	2025년 07월 28일	본인	네이버 현대카드 320*	SSG	870-88-01143	 00462380	00개월	18,976원
2025년 07월 26일	2025년 07월 27일	본인	네이버 현대카드 320*	우아한형제들	524-86-01528	 00475719	00개월	30,000원
2025년 07월 25일	2025년 07월 26일	본인	Hyundai Mobility카드 180*	아파트관리비	213-86-15419	 92107011	00개월	116,080원
2025년 07월 24일	2025년 07월 25일	본인	네이버 현대카드 320*	한국정보통신 - 하이파킹(주)	116-81-19948	 00087780	00개월	120,000원
2025년 07월 23일	2025년 07월 24일	본인	네이버 현대카드 320*	네이버페이	524-86-01528	 00160863	00개월	25,000원
2025년 07월 22일	2025년 07월 23일	본인	네이버 현대카드 320*	씨유이웰메디파크점	671-03-02005	 00307462	00개월	1,800원
2025년 07월 22일	2025년 07월 23일	본인	네이버 현대카드 320*	네이버페이	524-86-01528	 00198547	00개월	10,000원
2025년 07월 21일	2025년 07월 23일	본인	현대카드 하이패스 000*	강남순환도로 0001건	114-86-20366	 94552515	00개월	1,900원
2025년 07월 21일	2025년 07월 22일	본인	네이버 현대카드 320*	네이버파이낸셜(주) - 롯데컬처웍스(주)	524-86-01528	 00276633	00개월	611원
2025년 07월 20일	2025년 07월 22일	본인	현대카드 하이패스 000*	인천김포고속도로 0001건	101-86-28362	 94757535	00개월	1,300원
2025년 07월 20일	2025년 07월 21일	본인	Hyundai Mobility카드 180*	늘품오일한길셀프주유소	889-81-01357	 00390284	00개월	40,325원
2025년 07월 20일	2025년 07월 21일	본인	네이버 현대카드 320*	메가마트	119-81-00851	 00964568	00개월	6,500원
2025년 07월 20일	2025년 07월 21일	본인	네이버 현대카드 320*	(주)이니시스 - ㈜우아한형제들	220-81-55597	 00180314	00개월	15,400원
2025년 07월 20일	2025년 07월 21일	본인	네이버 현대카드 320*	이케아코리아고양지점	106-86-82871	 00257026	00개월	10,000원
2025년 07월 19일	2025년 07월 20일	본인	네이버 현대카드 320*	김포홈플러스약국	576-15-02149	 00161965	00개월	7,000원
2025년 07월 19일	2025년 07월 20일	본인	네이버 현대카드 320*	김포홈플러스약국	576-15-02149	 00195945	00개월	9,000원
2025년 07월 19일	2025년 07월 20일	본인	네이버 현대카드 320*	네이버파이낸셜(주) - 배민클럽_우아한형제	524-86-01528	 00877465	00개월	1,990원
2025년 07월 18일	2025년 07월 19일	본인	네이버 현대카드 320*	보나비아티제	220-87-92541	 00564253	00개월	24,000원
2025년 07월 17일	2025년 07월 17일	본인	네이버 현대카드 320*	나이스_마이시큐리티플러스	116-81-15020	 94394623	00개월	990원
2025년 07월 16일	2025년 07월 17일	본인	네이버 현대카드 320*	쓰리엑스라지커피이대서울병원점	114-85-38724	 00552818	00개월	2,500원
2025년 07월 16일	2025년 07월 17일	본인	네이버 현대카드 320*	카페게이트마곡파인스퀘어점	202-14-06271	 00454573	00개월	7,800원
2025년 07월 16일	2025년 07월 17일	본인	네이버 현대카드 320*	나이스 - 캐치테이블	815-81-00527	 00811518	00개월	-160,000원
2025년 07월 15일	2025년 07월 16일	본인	네이버 현대카드 320*	베니르	582-01-01454	 00101569	00개월	18,600원
2025년 07월 14일	2025년 07월 15일	본인	네이버 현대카드 320*	이대서울병원파리크라상	496-85-01148	 00024634	00개월	11,200원
2025년 07월 13일	2025년 07월 15일	본인	현대카드 하이패스 000*	일산대교 0002건	101-81-84791	 94418603	00개월	2,400원
2025년 07월 12일	2025년 07월 14일	본인	현대카드 하이패스 000*	일산대교 0001건	101-81-84791	 94299583	00개월	1,200원
2025년 07월 12일	2025년 07월 13일	본인	네이버 현대카드 320*	전주현대옥발산점	258-06-03063	 00632059	00개월	9,000원
2025년 07월 12일	2025년 07월 13일	본인	네이버 현대카드 320*	공차이대서울병원	793-20-00959	 00749403	00개월	5,100원
2025년 07월 11일	2025년 07월 12일	본인	네이버 현대카드 320*	맘스푸드	348-14-01795	 00285400	00개월	5,000원
2025년 07월 11일	2025년 07월 12일	본인	네이버 현대카드 320*	홈플러스김포점	220-81-60348	 00757897	00개월	37,310원
2025년 07월 10일	2025년 07월 11일	본인	네이버 현대카드 320*	푸드엠파이어이대서울병원점	710-85-01175	 00378854	00개월	10,000원
2025년 07월 10일	2025년 07월 11일	본인	네이버 현대카드 320*	쓰리엑스라지커피이대서울병원점	114-85-38724	 00624087	00개월	2,500원
2025년 07월 09일	2025년 07월 10일	본인	네이버 현대카드 320*	토스페이먼츠 - 전국농부들	411-86-01799	 00207086	00개월	15,900원
2025년 07월 09일	2025년 07월 10일	본인	네이버 현대카드 320*	#LG유플러스통신요 -**90-1167	220-81-39938	 92156488	00개월	19,990원
2025년 07월 08일	2025년 07월 09일	본인	Hyundai Mobility카드 180*	인천도시가스자동이체	137-81-02459	 92112906	00개월	7,380원
2025년 07월 08일	2025년 07월 09일	본인	네이버 현대카드 320*	네이버파이낸셜(주) - (주)이랜드월드 온라	524-86-01528	 00676132	00개월	24,000원
2025년 07월 07일	2025년 07월 08일	본인	네이버 현대카드 320*	바른약속치과의원	869-08-01383	 00617788	00개월	15,300원
2025년 07월 07일	2025년 07월 08일	본인	네이버 현대카드 320*	맘스푸드	348-14-01795	 00950728	00개월	5,000원
2025년 07월 07일	2025년 07월 08일	본인	네이버 현대카드 320*	네이버페이	524-86-01528	 00200532	00개월	219,000원
2025년 07월 06일	2025년 07월 07일	본인	Hyundai Mobility카드 180*	늘품오일한길셀프주유소	889-81-01357	 00694836	00개월	48,690원
2025년 07월 06일	2025년 07월 07일	본인	Hyundai Mobility카드 180*	행촌에너지공항주유소	610-35-67800	 00932612	00개월	3,000원
2025년 07월 06일	2025년 07월 07일	본인	네이버 현대카드 320*	씨유이대서울병원점	382-85-01140	 00020286	00개월	3,400원
2025년 07월 06일	2025년 07월 07일	본인	네이버 현대카드 320*	나이스 - 캐치테이블	815-81-00527	 00811518	00개월	160,000원
2025년 07월 04일	2025년 07월 05일	본인	네이버 현대카드 320*	동양방식롯데리아까치산역점	542-85-02741	 00066375	00개월	5,700원
2025년 07월 03일	2025년 07월 04일	본인	네이버 현대카드 320*	네이버페이	524-86-01528	 00838641	00개월	29,383원
2025년 07월 03일	2025년 07월 04일	본인	네이버 현대카드 320*	한국정보통신 - 쿠팡	116-81-19948	 00207991	00개월	28,590원
2025년 07월 02일	2025년 07월 03일	본인	네이버 현대카드 320*	빽다방마곡리더스타워점	608-28-93383	 00405248	00개월	5,300원
2025년 07월 02일	2025년 07월 03일	본인	네이버 현대카드 320*	씨유이웰메디파크점	671-03-02005	 00607898	00개월	1,800원
2025년 06월 30일	2025년 07월 01일	본인	네이버 현대카드 320*	씨유CU까치산역점	298-09-01384	 00155360	00개월	11,600원
2025년 06월 30일	2025년 07월 01일	본인	네이버 현대카드 320*	인천광역시자동차세（자동차	220-82-01439	 00033439	00개월	145,410원
2025년 06월 30일	2025년 07월 01일	본인	네이버 현대카드 320*	네이버파이낸셜	524-86-01528	 00988787	00개월	26,000원
2025년 06월 30일	2025년 06월 30일	본인	네이버 현대카드 320*	06월티머니지하철 0002건	104-81-83559	 94029366	00개월	2,800원
2025년 06월 29일	2025년 06월 30일	본인	Hyundai Mobility카드 180*	한국정보통신 - 한국공항공사 김포공항	116-81-19948	 00121197	00개월	2,000원
2025년 06월 28일	2025년 06월 29일	본인	네이버 현대카드 320*	노브랜드인천불로동점	206-86-50913	 00478850	00개월	2,480원
2025년 06월 28일	2025년 06월 29일	본인	네이버 현대카드 320*	다이소아성산업	213-81-52063	 00205389	00개월	20,500원
2025년 06월 27일	2025년 06월 28일	본인	네이버 현대카드 320*	네이버파이낸셜	524-86-01528	 00445837	00개월	14,000원
2025년 06월 25일	2025년 06월 26일	본인	네이버 현대카드 320*	신승반점	577-81-00663	 00063715	00개월	65,500원
2025년 06월 24일	2025년 06월 25일	본인	Hyundai Mobility카드 180*	아파트관리비	213-86-15419	 92103029	00개월	117,340원
2025년 06월 22일	2025년 06월 23일	본인	네이버 현대카드 320*	토스페이먼츠주식회사 - (주)우아한형제들	411-86-01799	 00002821	00개월	8,700원
2025년 06월 21일	2025년 06월 22일	본인	네이버 현대카드 320*	네이버페이	524-86-01528	 00900421	00개월	23,297원
2025년 06월 20일	2025년 06월 21일	본인	네이버 현대카드 320*	네이버페이	524-86-01528	 00790203	00개월	25,000원
2025년 06월 19일	2025년 06월 20일	본인	네이버 현대카드 320*	네이버파이낸셜(주) - 배민클럽_우아한형제	524-86-01528	 00960131	00개월	1,990원
2025년 06월 17일	2025년 06월 17일	본인	네이버 현대카드 320*	나이스_마이시큐리티플러스	116-81-15020	 94504538	00개월	990원
2025년 06월 14일	2025년 06월 16일	본인	Hyundai Mobility카드 180*	모빌리언스 - 광진구시설관리공단	220-81-82546	 00284598	00개월	5,800원
2025년 06월 14일	2025년 06월 15일	본인	Hyundai Mobility카드 180*	늘품오일한길셀프주유소	889-81-01357	 00680034	00개월	46,590원
2025년 06월 13일	2025년 06월 14일	본인	네이버 현대카드 320*	보나비아티제	220-87-92541	 00430713	00개월	6,500원
2025년 06월 13일	2025년 06월 14일	본인	네이버 현대카드 320*	데커스	255-23-01651	 00581053	00개월	9,700원
2025년 06월 13일	2025년 06월 14일	본인	네이버 현대카드 320*	타이반쩜마곡점	529-38-00862	 00675256	00개월	44,500원
2025년 06월 13일	2025년 06월 14일	본인	네이버 현대카드 320*	육즙530	660-13-00480	 00844339	00개월	57,000원
2025년 06월 12일	2025년 06월 13일	본인	Hyundai Mobility카드 180*	KCP - 아이파킹 주식회사	113-85-21083	 00629878	00개월	3,300원
2025년 06월 12일	2025년 06월 13일	본인	Hyundai Mobility카드 180*	나이스 - 성지하이츠1관리단	815-81-00527	 00101673	00개월	2,400원
2025년 06월 12일	2025년 06월 13일	본인	네이버 현대카드 320*	나이스 - (주)우아한형제들	815-81-00527	 00548049	00개월	4,900원
2025년 06월 09일	2025년 06월 11일	본인	네이버 현대카드 320*	씨유CU까치산역점	298-09-01384	 00866486	00개월	2,500원
2025년 06월 09일	2025년 06월 10일	본인	네이버 현대카드 320*	와카츠	687-21-02187	 00604076	00개월	12,000원
2025년 06월 09일	2025년 06월 09일	본인	네이버 현대카드 320*	#LG유플러스통신요 -**90-1167	220-81-39938	 94201932	00개월	19,990원
2025년 06월 08일	2025년 06월 09일	본인	네이버 현대카드 320*	KCP - (주)우아한형제들	113-85-21083	 00461834	00개월	26,500원
2025년 06월 07일	2025년 06월 09일	본인	현대카드 하이패스 000*	일산대교 0002건	101-81-84791	 94599177	00개월	2,400원
2025년 06월 06일	2025년 06월 08일	본인	현대카드 하이패스 000*	일산대교 0002건	101-81-84791	 94778019	00개월	2,400원
2025년 06월 06일	2025년 06월 07일	본인	네이버 현대카드 320*	KCP - (주)우아한형제들	113-85-21083	 00669881	00개월	13,200원
2025년 06월 06일	2025년 06월 07일	본인	네이버 현대카드 320*	KCP - 쿠팡	113-85-21083	 00894038	00개월	66,290원
2025년 06월 05일	2025년 06월 06일	본인	Hyundai Mobility카드 180*	인천도시가스자동이체	137-81-02459	 92114918	00개월	32,560원
2025년 06월 04일	2025년 06월 05일	본인	네이버 현대카드 320*	(주)이니시스 - 우아한형제들(주)	220-81-55597	 00716067	00개월	26,000원
2025년 06월 03일	2025년 06월 04일	본인	네이버 현대카드 320*	다이소아성산업	213-81-52063	 00634030	00개월	6,000원
2025년 06월 02일	2025년 06월 04일	본인	네이버 현대카드 320*	씨유이대서울병원점	382-85-01140	 00184245	00개월	3,400원
2025년 06월 01일	2025년 06월 02일	본인	Hyundai Mobility카드 180*	한국정보통신 - 한국공항공사 김포공항	116-81-19948	 00237490	00개월	1,000원
2025년 06월 01일	2025년 06월 02일	본인	Hyundai Mobility카드 180*	행촌에너지공항주유소	610-35-67800	 00710496	00개월	3,000원
2025년 05월 31일	2025년 06월 03일	본인	현대카드 하이패스 000*	한국도로공사 0001건	129-82-00103	 94630936	00개월	5,600원
2025년 05월 31일	2025년 06월 03일	본인	현대카드 하이패스 000*	서울춘천고속도로 0001건	221-81-22181	 94245810	00개월	4,100원
2025년 05월 31일	2025년 06월 01일	본인	Hyundai Mobility카드 180*	늘품오일한길셀프주유소	889-81-01357	 00106887	00개월	46,890원
2025년 05월 31일	2025년 06월 01일	본인	네이버 현대카드 320*	에스피씨삼립가평서울방향휴게소	133-81-22244	 00427993	00개월	5,000원
2025년 05월 31일	2025년 06월 01일	본인	네이버 현대카드 320*	양양마루장칼국수	297-23-01733	 00552755	00개월	23,000원
2025년 05월 30일	2025년 05월 31일	본인	네이버 현대카드 320*	이마트24속초체스터톤스점	191-88-03126	 00997736	00개월	5,400원
2025년 05월 30일	2025년 05월 31일	본인	네이버 현대카드 320*	콩서리	508-15-60938	 00007362	00개월	51,000원
2025년 05월 29일	2025년 05월 31일	본인	현대카드 하이패스 000*	한국도로공사 0001건	129-82-00103	 94768135	00개월	5,300원
2025년 05월 29일	2025년 05월 31일	본인	현대카드 하이패스 000*	서울춘천고속도로 0001건	221-81-22181	 94569121	00개월	4,100원
2025년 05월 29일	2025년 05월 30일	본인	Hyundai Mobility카드 180*	에이치디현대오일뱅크직영능동주유소	236-85-00493	 00365651	00개월	47,970원
2025년 05월 29일	2025년 05월 30일	본인	네이버 현대카드 320*	홍천양양방향휴게소1	368-85-00596	 00226885	00개월	9,000원
2025년 05월 29일	2025년 05월 30일	본인	네이버 현대카드 320*	씨유CU속초청초호점	456-07-02082	 00332690	00개월	10,700원
2025년 05월 27일	2025년 05월 28일	본인	Hyundai Mobility카드 180*	아파트관리비	213-86-15419	 92196054	00개월	114,710원
2025년 05월 24일	2025년 05월 26일	본인	현대카드 하이패스 000*	일산대교 0001건	101-81-84791	 94307281	00개월	1,200원
2025년 05월 20일	2025년 05월 21일	본인	네이버 현대카드 320*	네이버페이	524-86-01528	 00968646	00개월	20,000원
2025년 05월 19일	2025년 05월 20일	본인	네이버 현대카드 320*	네이버파이낸셜(주) - 주식회사 우아한형제	524-86-01528	 00834672	00개월	1,990원
2025년 05월 18일	2025년 05월 20일	본인	현대카드 하이패스 000*	강남순환도로 0001건	114-86-20366	 94939836	00개월	1,900원
2025년 05월 18일	2025년 05월 20일	본인	현대카드 하이패스 000*	서부간선지하도로 0001건	101-86-89700	 94933314	00개월	2,800원
2025년 05월 18일	2025년 05월 20일	본인	현대카드 하이패스 000*	한국도로공사 0002건	129-82-00103	 94291126	00개월	1,800원
2025년 05월 18일	2025년 05월 19일	본인	Hyundai Mobility카드 180*	행촌에너지공항주유소	610-35-67800	 00694228	00개월	3,000원
2025년 05월 18일	2025년 05월 19일	본인	네이버 현대카드 320*	네이버페이	524-86-01528	 00379940	00개월	36,000원
2025년 05월 17일	2025년 05월 18일	본인	네이버 현대카드 320*	네이버페이	524-86-01528	 00852000	00개월	5,683원
2025년 05월 17일	2025년 05월 17일	본인	네이버 현대카드 320*	나이스_마이시큐리티플러스	116-81-15020	 94074398	00개월	990원
2025년 05월 16일	2025년 05월 17일	본인	네이버 현대카드 320*	3POPPC방	357-36-00749	 00508162	00개월	3,000원
2025년 05월 14일	2025년 05월 15일	본인	네이버 현대카드 320*	네이버페이	524-86-01528	 00054037	00개월	10,000원
2025년 05월 13일	2025년 05월 14일	본인	네이버 현대카드 320*	필라무드	750-13-01860	 00263712	03개월	1,120,000원
2025년 05월 12일	2025년 05월 13일	본인	네이버 현대카드 320*	다이소아성산업	213-81-52063	 00311959	00개월	3,000원
2025년 05월 12일	2025년 05월 13일	본인	네이버 현대카드 320*	와카츠	687-21-02187	 00818295	00개월	13,000원
2025년 05월 12일	2025년 05월 13일	본인	네이버 현대카드 320*	유앤비	636-04-02576	 00523082	00개월	23,200원
2025년 05월 10일	2025년 05월 11일	본인	네이버 현대카드 320*	네이버페이	524-86-01528	 00682304	00개월	2,350원
2025년 05월 09일	2025년 05월 10일	본인	Hyundai Mobility카드 180*	영등포시설관리공단	107-82-10052	 00279097	00개월	2,250원
2025년 05월 09일	2025년 05월 10일	본인	네이버 현대카드 320*	세븐일레븐영등포구청본점	349-85-02287	 00219161	00개월	3,800원
2025년 05월 09일	2025년 05월 10일	본인	네이버 현대카드 320*	#LG유플러스통신요 -**90-1167	220-81-39938	 92155201	00개월	19,990원
2025년 05월 08일	2025년 05월 09일	본인	Hyundai Mobility카드 180*	인천도시가스자동이체	137-81-02459	 92113437	00개월	27,390원
2025년 05월 07일	2025년 05월 08일	본인	네이버 현대카드 320*	토스페이먼츠주식회사 - (주)비바리퍼블리	411-86-01799	 00486635	00개월	8,800원
2025년 05월 06일	2025년 05월 07일	본인	네이버 현대카드 320*	스타벅스코리아	201-81-21515	 00740786	00개월	11,000원
2025년 05월 05일	2025년 05월 08일	본인	현대카드 하이패스 000*	한국도로공사 0001건	129-82-00103	 94888869	00개월	2,400원
2025년 05월 05일	2025년 05월 08일	본인	현대카드 하이패스 000*	제이서해안고속도로 0002건	138-81-37650	 94668921	00개월	5,400원
2025년 05월 05일	2025년 05월 08일	본인	현대카드 하이패스 000*	인천김포고속도로 0001건	101-86-28362	 94364588	00개월	2,600원
2025년 05월 05일	2025년 05월 07일	본인	현대카드 하이패스 000*	일산대교 0002건	101-81-84791	 94114249	00개월	2,400원
2025년 05월 05일	2025년 05월 06일	본인	Hyundai Mobility카드 180*	한길세차장	308-08-63598	 00089754	00개월	5,000원
2025년 05월 05일	2025년 05월 06일	본인	Hyundai Mobility카드 180*	늘품오일한길셀프주유소	889-81-01357	 00866856	00개월	73,101원
2025년 05월 05일	2025년 05월 06일	본인	네이버 현대카드 320*	장백골남원추어탕	747-04-03064	 00436016	00개월	22,000원
2025년 05월 03일	2025년 05월 08일	본인	현대카드 하이패스 000*	제삼경인고속도로 0001건	134-86-09410	 94578231	00개월	1,300원
2025년 05월 03일	2025년 05월 05일	본인	현대카드 하이패스 000*	한국도로공사 0003건	129-82-00103	 94475221	00개월	4,500원
2025년 05월 03일	2025년 05월 05일	본인	현대카드 하이패스 000*	서부내륙고속도로 0001건	202-81-64948	 94319611	00개월	1,400원
2025년 05월 03일	2025년 05월 05일	본인	네이버 현대카드 320*	씨제이올리브영홈플러스김포점	809-81-01574	 00892781	00개월	21,900원
2025년 05월 02일	2025년 05월 03일	본인	네이버 현대카드 320*	나도파스타	361-55-00526	 00604979	00개월	27,800원
2025년 05월 02일	2025년 05월 03일	본인	네이버 현대카드 320*	나이스 - 주식회사 쏘카	815-81-00527	 00153932	00개월	18,900원
2025년 05월 01일	2025년 05월 02일	본인	네이버 현대카드 320*	토스페이먼츠주식회사 - (주)우아한형제들	411-86-01799	 00734915	00개월	20,000원
2025년 04월 29일	2025년 04월 30일	본인	네이버 현대카드 320*	금돌계	738-25-01709	 00195931	00개월	21,500원
2025년 04월 29일	2025년 04월 30일	본인	네이버 현대카드 320*	나이스 - (주)신세계인터내셔날	815-81-00527	 00904010	00개월	26,910원
2025년 04월 28일	2025년 04월 29일	본인	네이버 현대카드 320*	역전우동까치산역점	184-63-00074	 00393301	00개월	14,000원
2025년 04월 27일	2025년 04월 29일	본인	현대카드 하이패스 000*	일산대교 0001건	101-81-84791	 94452102	00개월	1,200원
2025년 04월 27일	2025년 04월 28일	본인	Hyundai Mobility카드 180*	행촌에너지공항주유소	610-35-67800	 00124771	00개월	47,610원
2025년 04월 27일	2025년 04월 28일	본인	Hyundai Mobility카드 180*	행촌에너지공항주유소	610-35-67800	 00913193	00개월	3,000원
2025년 04월 27일	2025년 04월 28일	본인	네이버 현대카드 320*	KSNET - 에프알엘코리아(주)	120-81-97322	 00030212	00개월	29,900원
2025년 04월 26일	2025년 04월 28일	본인	네이버 현대카드 320*	씨유CU불로메르디앙점	745-10-02416	 00266555	00개월	3,400원
2025년 04월 26일	2025년 04월 27일	본인	네이버 현대카드 320*	나이스 - Agoda	815-81-00527	 00178592	00개월	158,996원
2025년 04월 25일	2025년 04월 26일	본인	네이버 현대카드 320*	혼키	201-33-65910	 00414944	00개월	11,900원
2025년 04월 24일	2025년 04월 25일	본인	Hyundai Mobility카드 180*	아파트관리비	213-86-15419	 92191785	00개월	112,970원
2025년 04월 24일	2025년 04월 25일	본인	네이버 현대카드 320*	혼키	201-33-65910	 00233777	00개월	26,900원
2025년 04월 24일	2025년 04월 25일	본인	네이버 현대카드 320*	씨유CU서서울호수공원점	604-51-01138	 00932369	00개월	2,600원
2025년 04월 24일	2025년 04월 25일	본인	네이버 현대카드 320*	한국정보통신 - 하이파킹(주)	116-81-19948	 00939671	00개월	100,000원
2025년 04월 23일	2025년 04월 24일	본인	네이버 현대카드 320*	배스킨라빈스까치산역점	375-71-00563	 00919448	00개월	11,000원
2025년 04월 23일	2025년 04월 24일	본인	네이버 현대카드 320*	뚱땡이맥주	863-07-02830	 00632887	00개월	30,000원
2025년 04월 22일	2025년 04월 23일	본인	네이버 현대카드 320*	SSG	870-88-01143	 00526331	00개월	46,961원
2025년 04월 21일	2025년 04월 22일	본인	네이버 현대카드 320*	일품	734-15-02288	 00660319	00개월	84,000원
2025년 04월 19일	2025년 04월 20일	본인	네이버 현대카드 320*	트레이더스김포점	206-86-50913	 00762774	00개월	33,350원
2025년 04월 19일	2025년 04월 20일	본인	네이버 현대카드 320*	풍무열시약국	330-51-00470	 00912865	00개월	7,000원
2025년 04월 19일	2025년 04월 20일	본인	네이버 현대카드 320*	네이버파이낸셜(주) - 주식회사 우아한형제	524-86-01528	 00870649	00개월	1,990원
2025년 04월 17일	2025년 04월 17일	본인	네이버 현대카드 320*	나이스_마이시큐리티플러스	116-81-15020	 94324406	00개월	990원
2025년 04월 16일	2025년 04월 17일	본인	네이버 현대카드 320*	서울나란이치과교정과치과의원	142-90-05125	 00534551	00개월	7,800원
2025년 04월 16일	2025년 04월 17일	본인	네이버 현대카드 320*	제주곤이칼국수건대점	427-85-01685	 00798538	00개월	27,800원
2025년 04월 15일	2025년 04월 16일	본인	네이버 현대카드 320*	씨유CU까치산역점	298-09-01384	 00229575	00개월	1,800원
2025년 04월 14일	2025년 04월 15일	본인	네이버 현대카드 320*	채선당샤브마곡점	208-25-80178	 00157359	00개월	41,700원
2025년 04월 13일	2025년 04월 14일	본인	네이버 현대카드 320*	스타벅스코리아	201-81-21515	 00931406	00개월	7,100원
2025년 04월 12일	2025년 04월 14일	본인	네이버 현대카드 320*	에이치디씨아이파크몰	120-81-85957	 00331968	00개월	21,000원
2025년 04월 12일	2025년 04월 14일	본인	네이버 현대카드 320*	에이치디씨아이파크몰	120-81-85957	 00476635	00개월	50,000원
2025년 04월 11일	2025년 04월 12일	본인	네이버 현대카드 320*	생활맥주역삼초교점	396-81-02913	 00911850	00개월	40,000원
2025년 04월 11일	2025년 04월 12일	본인	네이버 현대카드 320*	바닭	431-18-02599	 00910667	00개월	132,500원
2025년 04월 09일	2025년 04월 10일	본인	네이버 현대카드 320*	개성손만두	259-15-00417	 00082882	00개월	36,000원
2025년 04월 09일	2025년 04월 10일	본인	네이버 현대카드 320*	쉐프조	107-16-33195	 00370703	00개월	42,000원
2025년 04월 09일	2025년 04월 10일	본인	네이버 현대카드 320*	카페동네내발산점	716-01-03244	 00187789	00개월	10,600원
2025년 04월 09일	2025년 04월 10일	본인	네이버 현대카드 320*	네이버페이	524-86-01528	 00114612	00개월	10,000원
2025년 04월 09일	2025년 04월 10일	본인	네이버 현대카드 320*	#LG유플러스통신요 -**90-1167	220-81-39938	 92155067	00개월	20,490원
2025년 04월 08일	2025년 04월 09일	본인	Hyundai Mobility카드 180*	인천도시가스자동이체	137-81-02459	 92113394	00개월	46,470원
2025년 04월 08일	2025년 04월 09일	본인	네이버 현대카드 320*	현대유통	106-01-67631	 00090615	00개월	16,960원
2025년 04월 07일	2025년 04월 08일	본인	네이버 현대카드 320*	현대유통	106-01-67631	 00297459	00개월	8,980원
2025년 04월 07일	2025년 04월 08일	본인	네이버 현대카드 320*	씨유CU까치산역점	298-09-01384	 00787968	00개월	400원
2025년 04월 07일	2025년 04월 08일	본인	네이버 현대카드 320*	네이버페이	524-86-01528	 00785072	00개월	10,000원
2025년 04월 07일	2025년 04월 08일	본인	네이버 현대카드 320*	네이버페이	524-86-01528	 00227877	00개월	37,026원
2025년 04월 06일	2025년 04월 08일	본인	현대카드 하이패스 000*	일산대교 0001건	101-81-84791	 94079861	00개월	1,200원
2025년 04월 06일	2025년 04월 07일	본인	네이버 현대카드 320*	엘더	236-87-01424	 00574168	00개월	57,700원
2025년 04월 06일	2025년 04월 07일	본인	네이버 현대카드 320*	콩꼬물꽈배기	548-49-00985	 00723792	00개월	3,000원
2025년 04월 06일	2025년 04월 07일	본인	네이버 현대카드 320*	웨스턴챕터	714-04-02968	 00600230	00개월	26,000원
2025년 04월 05일	2025년 04월 08일	본인	현대카드 하이패스 000*	일산퇴계원고속도로 0001건	210-81-29618	 94739799	00개월	1,000원
2025년 04월 05일	2025년 04월 07일	본인	현대카드 하이패스 000*	일산대교 0002건	101-81-84791	 94981690	00개월	2,400원
2025년 04월 05일	2025년 04월 06일	본인	Hyundai Mobility카드 180*	늘품오일한길셀프주유소	889-81-01357	 00240960	00개월	47,790원
2025년 04월 05일	2025년 04월 06일	본인	네이버 현대카드 320*	신세계스타필드고양	557-86-00548	 00978960	00개월	129,800원
2025년 04월 04일	2025년 04월 06일	본인	네이버 현대카드 320*	올리브영발산역점	809-81-01574	 00018799	00개월	18,000원
2025년 04월 04일	2025년 04월 05일	본인	네이버 현대카드 320*	모노맨션강서마곡점	562-43-00859	 00675656	00개월	4,000원
2025년 04월 04일	2025년 04월 05일	본인	네이버 현대카드 320*	예스이십사강서NC점	144-85-10464	 00868601	00개월	2,600원
2025년 04월 03일	2025년 04월 04일	본인	네이버 현대카드 320*	하서랑만두국수	626-04-00789	 00898107	00개월	19,000원
2025년 04월 02일	2025년 04월 03일	본인	네이버 현대카드 320*	현대백화점신촌점	110-85-11913	 00646379	00개월	232,200원
2025년 04월 02일	2025년 04월 03일	본인	네이버 현대카드 320*	카페인컬처	445-55-00805	 00822112	00개월	7,600원
2025년 04월 02일	2025년 04월 03일	본인	네이버 현대카드 320*	네이버파이낸셜(주) - 주식회사 무신사페이	524-86-01528	 00036323	00개월	49,587원
2025년 04월 01일	2025년 04월 02일	본인	Hyundai Mobility카드 180*	행촌에너지공항주유소	610-35-67800	 00815542	00개월	3,000원
2025년 03월 31일	2025년 04월 01일	본인	네이버 현대카드 320*	현대유통	106-01-67631	 00516065	00개월	5,300원
2025년 03월 31일	2025년 04월 01일	본인	네이버 현대카드 320*	세렝게티커피마곡점	520-04-02776	 00316515	00개월	16,000원
2025년 03월 29일	2025년 03월 30일	본인	네이버 현대카드 320*	우리동네식빵	511-40-01602	 00351523	00개월	15,300원
2025년 03월 29일	2025년 03월 30일	본인	네이버 현대카드 320*	아사삭불로점	304-46-00797	 00597117	00개월	1,600원
2025년 03월 29일	2025년 03월 30일	본인	네이버 현대카드 320*	나이스 - ㈜스타벅스커피 코리아	815-81-00527	 00590813	00개월	21,600원
2025년 03월 25일	2025년 03월 26일	본인	Hyundai Mobility카드 180*	아파트관리비	213-86-15419	 92109715	00개월	133,520원
2025년 03월 24일	2025년 03월 25일	본인	Hyundai Mobility카드 180*	늘품오일한길셀프주유소	889-81-01357	 00814357	00개월	47,790원
2025년 03월 24일	2025년 03월 25일	본인	네이버 현대카드 320*	배스킨라빈스까치산역점	375-71-00563	 00369096	00개월	3,900원
2025년 03월 24일	2025년 03월 25일	본인	네이버 현대카드 320*	세렝게티커피마곡점	520-04-02776	 00543611	00개월	14,000원
2025년 03월 23일	2025년 03월 25일	본인	현대카드 하이패스 000*	강남순환도로 0001건	114-86-20366	 94164716	00개월	1,900원
2025년 03월 23일	2025년 03월 25일	본인	현대카드 하이패스 000*	한국도로공사 0003건	129-82-00103	 94493373	00개월	5,100원
2025년 03월 23일	2025년 03월 25일	본인	현대카드 하이패스 000*	봉담동탄고속도로 0001건	220-86-76995	 94386044	00개월	2,600원
2025년 03월 23일	2025년 03월 25일	본인	현대카드 하이패스 000*	수도권서부고속도로 0001건	123-86-08274	 94082017	00개월	2,600원
2025년 03월 23일	2025년 03월 24일	본인	네이버 현대카드 320*	베이커리밤마을	757-29-00539	 00622972	00개월	16,800원
2025년 03월 23일	2025년 03월 24일	본인	네이버 현대카드 320*	공다방	342-63-00291	 00295339	00개월	5,000원
2025년 03월 23일	2025년 03월 24일	본인	네이버 현대카드 320*	공주시청	411-86-01799	 00200813	00개월	6,000원
2025년 03월 22일	2025년 03월 23일	본인	Hyundai Mobility카드 180*	행촌에너지공항주유소	610-35-67800	 00582706	00개월	3,000원
2025년 03월 22일	2025년 03월 23일	본인	Hyundai Mobility카드 180*	행촌에너지공항주유소	610-35-67800	 00871403	00개월	32,400원
2025년 03월 22일	2025년 03월 24일	본인	네이버 현대카드 320*	씨유이웰메디파크점	671-03-02005	 00519694	00개월	1,800원
2025년 03월 22일	2025년 03월 23일	본인	네이버 현대카드 320*	홈플러스김포점	220-81-60348	 00822239	00개월	21,980원
2025년 03월 21일	2025년 03월 22일	본인	네이버 현대카드 320*	본죽앤비빔밥마곡힐스테이점	272-50-00288	 00015872	00개월	13,500원
2025년 03월 20일	2025년 03월 21일	본인	네이버 현대카드 320*	베이커리룬	730-06-01612	 00217277	00개월	4,000원
2025년 03월 20일	2025년 03월 21일	본인	네이버 현대카드 320*	웰컴백커피	415-74-00275	 00571842	00개월	7,500원
2025년 03월 20일	2025년 03월 21일	본인	네이버 현대카드 320*	맘스푸드	348-14-01795	 00175559	00개월	5,000원
2025년 03월 19일	2025년 03월 20일	본인	네이버 현대카드 320*	맑은눈안경콘택트	773-70-00042	 00031526	00개월	140,000원
2025년 03월 19일	2025년 03월 20일	본인	네이버 현대카드 320*	네이버파이낸셜(주) - 주식회사 우아한형제	524-86-01528	 00933622	00개월	1,990원
2025년 03월 18일	2025년 03월 19일	본인	네이버 현대카드 320*	맘스푸드	348-14-01795	 00227286	00개월	5,000원
2025년 03월 18일	2025년 03월 19일	본인	네이버 현대카드 320*	다이소아성산업	213-81-52063	 00035850	00개월	4,000원
2025년 03월 17일	2025년 03월 17일	본인	네이버 현대카드 320*	나이스_마이시큐리티플러스	116-81-15020	 94844439	00개월	990원
2025년 03월 13일	2025년 03월 14일	본인	네이버 현대카드 320*	하서랑만두국수	626-04-00789	 00130684	00개월	9,000원
2025년 03월 13일	2025년 03월 14일	본인	네이버 현대카드 320*	베니르	582-01-01454	 00007678	00개월	14,800원
2025년 03월 13일	2025년 03월 14일	본인	네이버 현대카드 320*	현대유통	106-01-67631	 00626399	00개월	11,460원
2025년 03월 12일	2025년 03월 13일	본인	네이버 현대카드 320*	맘스푸드	348-14-01795	 00902196	00개월	5,000원
2025년 03월 12일	2025년 03월 13일	본인	네이버 현대카드 320*	네이버페이	524-86-01528	 00573556	00개월	25,000원
2025년 03월 11일	2025년 03월 12일	본인	네이버 현대카드 320*	아크로짐마곡점	303-40-01001	 00939352	00개월	231,000원
2025년 03월 11일	2025년 03월 12일	본인	네이버 현대카드 320*	포울	503-31-11349	 00138650	00개월	15,000원
2025년 03월 11일	2025년 03월 12일	본인	네이버 현대카드 320*	프랭크버거까치산역점	225-06-64041	 00815107	00개월	8,000원
2025년 03월 11일	2025년 03월 12일	본인	네이버 현대카드 320*	메가엠지씨커피이대서울병원	860-54-00647	 00276940	00개월	4,000원
2025년 03월 10일	2025년 03월 12일	본인	네이버 현대카드 320*	씨유CU까치산역점	298-09-01384	 00911316	00개월	4,400원
2025년 03월 10일	2025년 03월 11일	본인	네이버 현대카드 320*	팀아울신세계	355-85-01487	 00383011	00개월	57,500원
2025년 03월 10일	2025년 03월 11일	본인	네이버 현대카드 320*	#LG유플러스통신요 -**90-1167	220-81-39938	 92152513	00개월	45,950원
2025년 03월 09일	2025년 03월 10일	본인	Hyundai Mobility카드 180*	한길세차장	308-08-63598	 00564136	00개월	5,000원
2025년 03월 09일	2025년 03월 10일	본인	네이버 현대카드 320*	씨유CU불로메르디앙점	745-10-02416	 00614507	00개월	8,800원
2025년 03월 09일	2025년 03월 10일	본인	네이버 현대카드 320*	토스페이먼츠주식회사 - (주)비바리퍼블리	411-86-01799	 00553988	00개월	19,900원
2025년 03월 08일	2025년 03월 09일	본인	Hyundai Mobility카드 180*	나이스 - 한국전자금융	815-81-00527	 00476484	00개월	6,000원
2025년 03월 08일	2025년 03월 11일	본인	네이버 현대카드 320*	현대백화점목동점	117-85-09271	 00076538	00개월	4,000원
2025년 03월 08일	2025년 03월 09일	본인	네이버 현대카드 320*	제이앤제이볼링장종로점	413-86-01913	 00441841	00개월	105,000원
2025년 03월 08일	2025년 03월 09일	본인	네이버 현대카드 320*	제이앤제이볼링장종로점	413-86-01913	 00812068	00개월	32,000원
2025년 03월 08일	2025년 03월 09일	본인	네이버 현대카드 320*	포토이즘컬러드종각점	301-88-02699	 00649936	00개월	15,000원
2025년 03월 08일	2025년 03월 09일	본인	네이버 현대카드 320*	애슐리W종각역점	421-85-01178	 00798459	00개월	167,400원
2025년 03월 08일	2025년 03월 09일	본인	네이버 현대카드 320*	커피별녹색잔	426-22-00223	 00259720	00개월	5,500원
2025년 03월 08일	2025년 03월 09일	본인	네이버 현대카드 320*	나이스 - 주식회사 쏘카	815-81-00527	 00638342	00개월	9,000원
2025년 03월 07일	2025년 03월 08일	본인	네이버 현대카드 320*	배스킨라빈스까치산역점	375-71-00563	 00469702	00개월	4,400원
2025년 03월 07일	2025년 03월 08일	본인	네이버 현대카드 320*	파리바게뜨까치산	109-50-70598	 00058792	00개월	3,500원
2025년 03월 07일	2025년 03월 08일	본인	네이버 현대카드 320*	맘스푸드	348-14-01795	 00341299	00개월	5,000원
2025년 03월 07일	2025년 03월 08일	본인	네이버 현대카드 320*	젤라떼리아띠아모이대서울병원점	460-22-02124	 00779333	00개월	8,700원
2025년 03월 07일	2025년 03월 08일	본인	네이버 현대카드 320*	현대유통	106-01-67631	 00740848	00개월	16,550원
2025년 03월 07일	2025년 03월 08일	본인	네이버 현대카드 320*	네이버파이낸셜	524-86-01528	 00732604	00개월	46,031원
2025년 03월 06일	2025년 03월 07일	본인	Hyundai Mobility카드 180*	인천도시가스자동이체	137-81-02459	 92111874	00개월	123,040원
2025년 03월 06일	2025년 03월 08일	본인	네이버 현대카드 320*	올리브영까치산역점	394-81-00374	 00683515	00개월	83,470원
2025년 03월 06일	2025년 03월 07일	본인	네이버 현대카드 320*	베이커리룬	730-06-01612	 00963813	00개월	7,700원
2025년 03월 06일	2025년 03월 07일	본인	네이버 현대카드 320*	텐산발산점	654-12-01532	 00946776	00개월	9,900원
2025년 03월 06일	2025년 03월 07일	본인	네이버 현대카드 320*	네이버페이	524-86-01528	 00594350	00개월	10,000원
2025년 03월 05일	2025년 03월 06일	본인	네이버 현대카드 320*	씨유이웰메디파크점	671-03-02005	 00289006	00개월	2,600원
2025년 03월 04일	2025년 03월 05일	본인	네이버 현대카드 320*	쓰리엑스라지커피이대서울병원점	114-85-38724	 00012320	00개월	3,600원
2025년 03월 04일	2025년 03월 05일	본인	네이버 현대카드 320*	맘스푸드	348-14-01795	 00648559	00개월	5,000원
2025년 03월 03일	2025년 03월 04일	본인	네이버 현대카드 320*	베이커리결	198-45-00759	 00573248	00개월	20,700원
2025년 03월 03일	2025년 03월 04일	본인	네이버 현대카드 320*	현대유통	106-01-67631	 00020555	00개월	8,500원
2025년 03월 03일	2025년 03월 04일	본인	네이버 현대카드 320*	명성왕족발	496-57-00923	 00511169	00개월	10,000원
2025년 03월 02일	2025년 03월 05일	본인	현대카드 하이패스 000*	일산퇴계원고속도로 0001건	210-81-29618	 94377555	00개월	1,800원
2025년 03월 02일	2025년 03월 04일	본인	현대카드 하이패스 000*	일산대교 0001건	101-81-84791	 94580453	00개월	1,200원
2025년 03월 02일	2025년 03월 03일	본인	Hyundai Mobility카드 180*	늘품오일한길셀프주유소	889-81-01357	 00537393	00개월	65,720원
2025년 03월 01일	2025년 03월 02일	본인	네이버 현대카드 320*	현대백화점목동점	117-85-09271	 00327813	00개월	223,200원
2025년 02월 28일	2025년 03월 01일	본인	네이버 현대카드 320*	쓰리엑스라지커피이대서울병원점	114-85-38724	 00619555	00개월	6,400원
2025년 02월 28일	2025년 03월 01일	본인	네이버 현대카드 320*	맘스푸드	348-14-01795	 00385474	00개월	5,000원
2025년 02월 27일	2025년 02월 28일	본인	네이버 현대카드 320*	웰컴백커피	415-74-00275	 00571738	00개월	3,500원
2025년 02월 27일	2025년 02월 28일	본인	네이버 현대카드 320*	맘스푸드	348-14-01795	 00634913	00개월	5,000원
2025년 02월 26일	2025년 02월 27일	본인	네이버 현대카드 320*	쓰리엑스라지커피이대서울병원점	114-85-38724	 00016793	00개월	1,800원
2025년 02월 26일	2025년 02월 27일	본인	네이버 현대카드 320*	씨유CU까치산역점	298-09-01384	 00955546	00개월	5,000원
2025년 02월 25일	2025년 02월 26일	본인	네이버 현대카드 320*	홍차이	340-10-01134	 00442795	00개월	10,000원
2025년 02월 24일	2025년 02월 25일	본인	Hyundai Mobility카드 180*	아파트관리비	213-86-15419	 92110120	00개월	128,860원
2025년 02월 24일	2025년 02월 25일	본인	네이버 현대카드 320*	쓰리엑스라지커피이대서울병원점	114-85-38724	 00278129	00개월	5,900원
2025년 02월 24일	2025년 02월 25일	본인	네이버 현대카드 320*	씨넵스	105-86-77661	 00270866	00개월	-5,000원
2025년 02월 24일	2025년 02월 25일	본인	네이버 현대카드 320*	맘스푸드	348-14-01795	 00061440	00개월	5,000원
2025년 02월 23일	2025년 02월 24일	본인	네이버 현대카드 320*	토스페이먼츠주식회사 - (주)우아한형제들	411-86-01799	 00712124	00개월	31,400원
2025년 02월 22일	2025년 02월 24일	본인	현대카드 하이패스 000*	일산대교 0002건	101-81-84791	 94113850	00개월	2,400원
2025년 02월 22일	2025년 02월 23일	본인	네이버 현대카드 320*	씨넵스	105-86-77661	 00270866	00개월	5,000원
2025년 02월 22일	2025년 02월 23일	본인	네이버 현대카드 320*	다이소아성산업	213-81-52063	 00340535	00개월	13,000원
2025년 02월 22일	2025년 02월 23일	본인	네이버 현대카드 320*	네이버파이낸셜(주) - 가제트코리아 주식회	524-86-01528	 00367419	00개월	7,770원
2025년 02월 22일	2025년 02월 23일	본인	네이버 현대카드 320*	네이버파이낸셜(주) - 가제트코리아 주식회	524-86-01528	 00132226	00개월	7,770원
2025년 02월 21일	2025년 02월 22일	본인	네이버 현대카드 320*	유앤비	636-04-02576	 00185005	00개월	33,600원
2025년 02월 18일	2025년 02월 20일	본인	Hyundai Mobility카드 180*	김포현대하이웨이주유소	372-44-01010	 00483643	00개월	5,000원
2025년 02월 18일	2025년 02월 20일	본인	Hyundai Mobility카드 180*	김포현대하이웨이주유소	372-44-01010	 00380309	00개월	5,000원
2025년 02월 18일	2025년 02월 19일	본인	Hyundai Mobility카드 180*	김포현대하이웨이주유소	372-44-01010	 00698269	00개월	5,000원
2025년 02월 18일	2025년 02월 19일	본인	네이버 현대카드 320*	베이커리결	198-45-00759	 00863672	00개월	2,900원
2025년 02월 18일	2025년 02월 19일	본인	네이버 현대카드 320*	베이커리결	198-45-00759	 00890202	00개월	8,400원
2025년 02월 18일	2025년 02월 19일	본인	네이버 현대카드 320*	네이버페이	524-86-01528	 00885582	00개월	44,600원
2025년 02월 17일	2025년 02월 18일	본인	네이버 현대카드 320*	장독대까치산역점	529-42-00495	 00098576	00개월	10,000원
2025년 02월 17일	2025년 02월 18일	본인	네이버 현대카드 320*	KCP - 호텔스닷컴-익스피디아	113-85-21083	 00230731	00개월	373,888원
2025년 02월 17일	2025년 02월 18일	본인	네이버 현대카드 320*	네이버페이	524-86-01528	 00719009	00개월	19,570원
2025년 02월 17일	2025년 02월 17일	본인	네이버 현대카드 320*	나이스_마이시큐리티플러스	116-81-15020	 94644203	00개월	990원
2025년 02월 16일	2025년 02월 17일	본인	네이버 현대카드 320*	홈플러스가양점	220-81-60348	 00135795	00개월	13,000원
2025년 02월 15일	2025년 02월 16일	본인	Hyundai Mobility카드 180*	한길세차장	308-08-63598	 00318183	00개월	10,000원
2025년 02월 15일	2025년 02월 17일	본인	네이버 현대카드 320*	IFC서울관리단	107-18-65798	 00233156	00개월	19,000원
2025년 02월 15일	2025년 02월 16일	본인	네이버 현대카드 320*	트레이더스김포점	206-86-50913	 00578166	00개월	33,680원
2025년 02월 15일	2025년 02월 16일	본인	네이버 현대카드 320*	엠즈씨드폴바셋	211-88-95935	 00819349	00개월	5,500원
2025년 02월 15일	2025년 02월 16일	본인	네이버 현대카드 320*	풍무열시약국	330-51-00470	 00748627	00개월	8,000원
2025년 02월 15일	2025년 02월 16일	본인	네이버 현대카드 320*	판다익스프레스여의도IFC몰점	705-88-02703	 00171222	00개월	10,900원
2025년 02월 15일	2025년 02월 16일	본인	네이버 현대카드 320*	JAJU트레이더스김포점	201-81-53657	 00052288	00개월	95,130원
2025년 02월 14일	2025년 02월 16일	본인	네이버 현대카드 320*	올리브영발산점	809-81-01574	 00362771	00개월	35,900원
2025년 02월 14일	2025년 02월 15일	본인	네이버 현대카드 320*	베이글리스트	414-85-02960	 00878399	00개월	10,400원
2025년 02월 14일	2025년 02월 15일	본인	네이버 현대카드 320*	카카오 - 주식회사 카카오	527-88-00686	 00828355	00개월	23,500원
2025년 02월 12일	2025년 02월 13일	본인	네이버 현대카드 320*	토속촌생면칼국수	116-02-10618	 00647107	00개월	26,000원
2025년 02월 10일	2025년 02월 11일	본인	네이버 현대카드 320*	가까운중앙약국	437-12-01198	 00002949	00개월	8,000원
2025년 02월 10일	2025년 02월 11일	본인	네이버 현대카드 320*	맘스터치까치산점	609-37-10432	 00295773	00개월	12,200원
2025년 02월 10일	2025년 02월 11일	본인	네이버 현대카드 320*	현대유통	106-01-67631	 00055462	00개월	3,960원
2025년 02월 09일	2025년 02월 10일	본인	네이버 현대카드 320*	범식당	719-19-00805	 00302667	00개월	67,000원
2025년 02월 09일	2025년 02월 10일	본인	네이버 현대카드 320*	온누리큰사랑약국	146-62-00696	 00698212	00개월	9,000원
2025년 02월 09일	2025년 02월 10일	본인	네이버 현대카드 320*	온누리큰사랑약국	146-62-00696	 00234704	00개월	3,000원
2025년 02월 08일	2025년 02월 10일	본인	네이버 현대카드 320*	씨유CU까치산역점	298-09-01384	 00226476	00개월	4,700원
2025년 02월 08일	2025년 02월 09일	본인	네이버 현대카드 320*	오피스25강남점	114-86-62046	 00969607	00개월	5,700원
2025년 02월 06일	2025년 02월 07일	본인	Hyundai Mobility카드 180*	인천도시가스자동이체	137-81-02459	 92111624	00개월	124,450원
2025년 02월 06일	2025년 02월 07일	본인	네이버 현대카드 320*	배스킨라빈스까치산역점	375-71-00563	 00669321	00개월	2,700원
2025년 02월 06일	2025년 02월 07일	본인	네이버 현대카드 320*	니뽕내뽕마곡점	580-04-01842	 00184890	00개월	22,800원
2025년 02월 06일	2025년 02월 07일	본인	네이버 현대카드 320*	네이버페이	524-86-01528	 00873210	00개월	21,500원
2025년 02월 05일	2025년 02월 06일	본인	네이버 현대카드 320*	네이버페이	524-86-01528	 00822960	00개월	8,782원
2025년 02월 04일	2025년 02월 05일	본인	네이버 현대카드 320*	무쇠김치찌게	505-50-00572	 00124863	00개월	34,000원
2025년 02월 04일	2025년 02월 05일	본인	네이버 현대카드 320*	스탠다드피자	646-23-01634	 00552019	00개월	36,000원
2025년 02월 04일	2025년 02월 05일	본인	네이버 현대카드 320*	프로기커피마곡점	159-18-02552	 00624493	00개월	11,000원
2025년 02월 03일	2025년 02월 04일	본인	네이버 현대카드 320*	한옥랑솜익선동카페	325-26-01330	 00135888	00개월	41,100원
2025년 02월 02일	2025년 02월 04일	본인	현대카드 하이패스 000*	한국도로공사 0001건	129-82-00103	 94479931	00개월	5,600원
2025년 02월 02일	2025년 02월 04일	본인	현대카드 하이패스 000*	서울춘천고속도로 0002건	221-81-22181	 94217974	00개월	7,500원
2025년 02월 02일	2025년 02월 03일	본인	Hyundai Mobility카드 180*	늘품오일한길셀프주유소	889-81-01357	 00876665	00개월	75,000원
2025년 02월 01일	2025년 02월 05일	본인	현대카드 하이패스 000*	일산퇴계원고속도로 0002건	210-81-29618	 94666534	00개월	3,200원
2025년 02월 01일	2025년 02월 03일	본인	현대카드 하이패스 000*	한국도로공사 0001건	129-82-00103	 94519548	00개월	5,600원
2025년 02월 01일	2025년 02월 03일	본인	현대카드 하이패스 000*	일산대교 0001건	101-81-84791	 94408704	00개월	1,200원
2025년 01월 31일	2025년 02월 03일	본인	네이버 현대카드 320*	씨유이웰메디파크점	671-03-02005	 00280813	00개월	4,900원
2025년 01월 31일	2025년 02월 01일	본인	네이버 현대카드 320*	(주)이니시스 - (주)맨인	220-81-55597	 00276740	00개월	79,800원
2025년 01월 31일	2025년 01월 31일	본인	네이버 현대카드 320*	01월티머니지하철 0003건	104-81-83559	 94947459	00개월	4,500원
2025년 01월 31일	2025년 01월 31일	본인	네이버 현대카드 320*	01월티머니지하철 0033건	104-81-83559	 94278529	00개월	45,500원
2025년 01월 30일	2025년 01월 31일	본인	네이버 현대카드 320*	푸드엠파이어이대서울병원점	710-85-01175	 00975503	00개월	12,500원
2025년 01월 30일	2025년 01월 31일	본인	네이버 현대카드 320*	다이소아성산업	213-81-52063	 00096666	00개월	11,000원
2025년 01월 30일	2025년 01월 31일	본인	네이버 현대카드 320*	현대유통	106-01-67631	 00483745	00개월	4,000원
2025년 01월 30일	2025년 01월 31일	본인	네이버 현대카드 320*	유앤비	636-04-02576	 00757229	00개월	15,800원
2025년 01월 30일	2025년 01월 31일	본인	네이버 현대카드 320*	에이치디씨아이파크몰	120-81-85957	 00182120	00개월	39,000원
2025년 01월 28일	2025년 01월 29일	본인	Hyundai Mobility카드 180*	한길세차장	308-08-63598	 00896807	00개월	10,000원
2025년 01월 28일	2025년 01월 29일	본인	네이버 현대카드 320*	홈플러스김포점	220-81-60348	 00626959	00개월	2,900원
2025년 01월 28일	2025년 01월 29일	본인	네이버 현대카드 320*	홈플러스김포점	220-81-60348	 00058628	00개월	12,640원
2025년 01월 25일	2025년 01월 27일	본인	현대카드 하이패스 000*	한국도로공사 0001건	129-82-00103	 94531029	00개월	800원
2025년 01월 25일	2025년 01월 27일	본인	현대카드 하이패스 000*	일산대교 0001건	101-81-84791	 94436980	00개월	1,200원
2025년 01월 25일	2025년 01월 26일	본인	Hyundai Mobility카드 180*	늘품오일한길셀프주유소	889-81-01357	 00027731	00개월	33,760원
2025년 01월 23일	2025년 01월 24일	본인	네이버 현대카드 320*	구락	245-09-02943	 00124967	00개월	23,000원
2025년 01월 23일	2025년 01월 24일	본인	네이버 현대카드 320*	토스페이먼츠주식회사 - (주)비바리퍼블리	411-86-01799	 00460154	00개월	13,900원
2025년 01월 22일	2025년 01월 23일	본인	네이버 현대카드 320*	데커스	255-23-01651	 00901111	00개월	9,000원
2025년 01월 22일	2025년 01월 23일	본인	네이버 현대카드 320*	SSG	870-88-01143	 00569479	00개월	18,480원
2025년 01월 21일	2025년 01월 22일	본인	Hyundai Mobility카드 180*	아파트관리비	213-86-15419	 92111456	00개월	72,000원
2025년 01월 21일	2025년 01월 22일	본인	네이버 현대카드 320*	바른약속치과의원	869-08-01383	 00235217	00개월	17,800원
2025년 01월 21일	2025년 01월 22일	본인	네이버 현대카드 320*	시트러스	785-02-02869	 00539217	00개월	4,800원
2025년 01월 21일	2025년 01월 22일	본인	네이버 현대카드 320*	순희네꼬마김밥	279-60-00575	 00114897	00개월	5,500원
2025년 01월 21일	2025년 01월 22일	본인	네이버 현대카드 320*	씨유이대서울병원점	382-85-01140	 00067875	00개월	2,000원
2025년 01월 21일	2025년 01월 22일	본인	네이버 현대카드 320*	KSNET - CJ올리브영	120-81-97322	 00065237	00개월	18,900원
2025년 01월 20일	2025년 01월 22일	본인	네이버 현대카드 320*	씨유CU까치산역점	298-09-01384	 00490342	00개월	7,100원
2025년 01월 20일	2025년 01월 21일	본인	네이버 현대카드 320*	에스지푸드까치산블레스트블라워	170-85-02148	 00418604	00개월	10,000원
2025년 01월 20일	2025년 01월 21일	본인	네이버 현대카드 320*	이립	885-15-01059	 00977837	00개월	79,500원
2025년 01월 20일	2025년 01월 21일	본인	네이버 현대카드 320*	맘스푸드	348-14-01795	 00475673	00개월	5,000원
2025년 01월 19일	2025년 01월 20일	본인	네이버 현대카드 320*	동양방식롯데리아까치산역점	542-85-02741	 00557685	00개월	10,200원
2025년 01월 18일	2025년 01월 20일	본인	현대카드 하이패스 000*	일산대교 0001건	101-81-84791	 94457119	00개월	1,200원
2025년 01월 18일	2025년 01월 19일	본인	네이버 현대카드 320*	무인양품스타필드고양점	868-85-02323	 00067388	00개월	39,900원
2025년 01월 17일	2025년 01월 21일	본인	네이버 현대카드 320*	엔씨강서점	109-85-36893	 00374036	00개월	51,800원
2025년 01월 17일	2025년 01월 18일	본인	네이버 현대카드 320*	브리즈pccafe마곡점	759-05-01033	 00616780	00개월	5,000원
2025년 01월 17일	2025년 01월 18일	본인	네이버 현대카드 320*	제주담	126-45-91648	 00075989	00개월	20,000원
2025년 01월 17일	2025년 01월 18일	본인	네이버 현대카드 320*	젤라떼리아띠아모이대서울병원점	460-22-02124	 00901095	00개월	3,900원
2025년 01월 17일	2025년 01월 18일	본인	네이버 현대카드 320*	하입스커피	771-14-01637	 00556931	00개월	5,000원
2025년 01월 17일	2025년 01월 18일	본인	네이버 현대카드 320*	네이버파이낸셜(주) - 홈플러스㈜	524-86-01528	 00482089	00개월	18,417원
2025년 01월 16일	2025년 01월 17일	본인	네이버 현대카드 320*	홍차이	340-10-01134	 00587613	00개월	22,000원
2025년 01월 16일	2025년 01월 17일	본인	네이버 현대카드 320*	혼키	201-33-65910	 00566843	00개월	21,800원
2025년 01월 16일	2025년 01월 17일	본인	네이버 현대카드 320*	현대유통	106-01-67631	 00919945	00개월	1,980원
2025년 01월 16일	2025년 01월 17일	본인	네이버 현대카드 320*	다이소아성산업	213-81-52063	 00761405	00개월	4,000원
2025년 01월 14일	2025년 01월 15일	본인	Hyundai Mobility카드 180*	한길세차장	308-08-63598	 00629009	00개월	5,000원
2025년 01월 14일	2025년 01월 15일	본인	Hyundai Mobility카드 180*	늘품오일한길셀프주유소	889-81-01357	 00265121	00개월	49,590원
2025년 01월 14일	2025년 01월 15일	본인	네이버 현대카드 320*	맘스식당	868-88-03148	 00360429	00개월	5,000원
2025년 01월 14일	2025년 01월 15일	본인	네이버 현대카드 320*	젤라떼리아띠아모이대서울병원점	460-22-02124	 00001650	00개월	2,250원
2025년 01월 14일	2025년 01월 15일	본인	네이버 현대카드 320*	연세위드내과의원	471-92-01604	 00904033	00개월	30,000원
2025년 01월 13일	2025년 01월 14일	본인	네이버 현대카드 320*	현대유통	106-01-67631	 00624826	00개월	14,560원
2025년 01월 13일	2025년 01월 14일	본인	네이버 현대카드 320*	돈카츠인정	235-43-00753	 00894331	00개월	30,000원
2025년 01월 12일	2025년 01월 14일	본인	네이버 현대카드 320*	CGV영등포_문화비	104-81-45690	 00203869	00개월	34,000원
2025년 01월 12일	2025년 01월 14일	본인	네이버 현대카드 320*	CGV영등포	104-81-45690	 00496637	00개월	8,000원
2025년 01월 12일	2025년 01월 13일	본인	네이버 현대카드 320*	배스킨라빈스까치산역점	375-71-00563	 00176521	00개월	7,800원
2025년 01월 12일	2025년 01월 13일	본인	네이버 현대카드 320*	북창동순두부발산역점	407-10-94111	 00493958	00개월	20,000원
2025년 01월 12일	2025년 01월 13일	본인	네이버 현대카드 320*	하이웨이기사식당영등포타임스퀘어	341-81-00540	 00964137	00개월	37,200원
2025년 01월 12일	2025년 01월 13일	본인	네이버 현대카드 320*	호카타임스퀘어점	393-85-02528	 00097678	00개월	109,000원
2025년 01월 12일	2025년 01월 13일	본인	네이버 현대카드 320*	메가엠지씨커피인천불로점	715-03-02872	 00432923	00개월	5,400원
2025년 01월 12일	2025년 01월 13일	본인	네이버 현대카드 320*	나이스 - 자라리테일코리아	815-81-00527	 00084429	00개월	50,000원
2025년 01월 11일	2025년 01월 12일	본인	네이버 현대카드 320*	트레이더스김포점	206-86-50913	 00699879	00개월	101,020원
2025년 01월 11일	2025년 01월 12일	본인	네이버 현대카드 320*	라크루뜨	897-85-02388	 00136903	00개월	7,600원
2025년 01월 11일	2025년 01월 12일	본인	네이버 현대카드 320*	베이글리스트	414-85-02960	 00214193	00개월	37,500원
2025년 01월 11일	2025년 01월 12일	본인	네이버 현대카드 320*	토스페이먼츠주식회사 - (주)우아한형제들	411-86-01799	 00786396	00개월	60,000원
2025년 01월 11일	2025년 01월 12일	본인	네이버 현대카드 320*	트레이더스김포점	206-86-50913	 00453460	00개월	16,520원
2025년 01월 10일	2025년 01월 13일	본인	네이버 현대카드 320*	씨유CU불로메르디앙점	745-10-02416	 00512762	00개월	40,300원
2025년 01월 10일	2025년 01월 11일	본인	네이버 현대카드 320*	혼키	201-33-65910	 00513652	00개월	23,800원
2025년 01월 10일	2025년 01월 11일	본인	네이버 현대카드 320*	토스페이먼츠주식회사 - (주)우아한형제들	411-86-01799	 00069947	00개월	25,000원
2025년 01월 10일	2025년 01월 11일	본인	네이버 현대카드 320*	토스페이먼츠주식회사 - (주)우아한형제들	411-86-01799	 00621929	00개월	44,000원
2025년 01월 10일	2025년 01월 11일	본인	네이버 현대카드 320*	토스페이먼츠주식회사 - (주)우아한형제들	411-86-01799	 00224144	00개월	75,000원
2025년 01월 09일	2025년 01월 10일	본인	네이버 현대카드 320*	카페동네내발산점	716-01-03244	 00786640	00개월	9,600원
2025년 01월 09일	2025년 01월 10일	본인	네이버 현대카드 320*	KCP - 엔에이치엔케이씨피(주)	113-85-21083	 00125917	00개월	109,000원
2025년 01월 08일	2025년 01월 09일	본인	네이버 현대카드 320*	수작카츠프리미엄마곡	787-61-00485	 00575124	00개월	39,000원
2025년 01월 08일	2025년 01월 09일	본인	네이버 현대카드 320*	엠즈씨드폴바셋	211-88-95935	 00554495	00개월	12,010원
2025년 01월 08일	2025년 01월 09일	본인	네이버 현대카드 320*	영풍문고	773-86-01800	 00276714	00개월	25,000원
2025년 01월 07일	2025년 01월 08일	본인	Hyundai Mobility카드 180*	늘품오일한길셀프주유소	889-81-01357	 00720093	00개월	40,000원
2025년 01월 07일	2025년 01월 08일	본인	네이버 현대카드 320*	오토김밥마곡점	889-19-01568	 00523296	00개월	17,000원
2025년 01월 07일	2025년 01월 08일	본인	네이버 현대카드 320*	맘스식당	868-88-03148	 00371731	00개월	5,000원
2025년 01월 06일	2025년 01월 07일	본인	네이버 현대카드 320*	컴포즈커피마곡지웰타워점	351-15-01084	 00907483	00개월	4,500원
2025년 01월 06일	2025년 01월 07일	본인	네이버 현대카드 320*	백년불고기마곡점	581-38-01364	 00528062	00개월	34,000원
2025년 01월 06일	2025년 01월 07일	본인	네이버 현대카드 320*	현대유통	106-01-67631	 00694191	00개월	10,570원
2025년 01월 04일	2025년 01월 05일	본인	네이버 현대카드 320*	홈플러스김포점	220-81-60348	 00430125	00개월	34,530원
2025년 01월 03일	2025년 01월 04일	본인	네이버 현대카드 320*	다우가왕만두	439-41-01248	 00843756	00개월	5,000원
2025년 01월 02일	2025년 01월 03일	본인	네이버 현대카드 320*	파스쿠찌까치산역점	323-65-00315	 00048328	00개월	5,800원
2025년 01월 02일	2025년 01월 03일	본인	네이버 현대카드 320*	다이소아성산업	213-81-52063	 00178820	00개월	6,000원
2025년 01월 02일	2025년 01월 03일	본인	네이버 현대카드 320*	규카츠정마곡점	551-14-01969	 00686106	00개월	30,000원
2025년 01월 01일	2025년 01월 02일	본인	네이버 현대카드 320*	트레이더스김포점	206-86-50913	 00572236	00개월	68,520원
2024년 12월 31일	2025년 01월 02일	본인	네이버 현대카드 320*	FS *Psy Test In		 998033	00개월	8,236원
2024년 12월 31일	2025년 01월 01일	본인	네이버 현대카드 320*	12월티머니지하철 0004건	104-81-83559	 94206752	00개월	6,100원
2024년 12월 31일	2025년 01월 01일	본인	네이버 현대카드 320*	맥도날드신도림디큐브	101-81-26409	 00784238	00개월	13,500원
2024년 12월 30일	2024년 12월 31일	본인	네이버 현대카드 320*	웰컴백커피	415-74-00275	 00524009	00개월	4,000원
2024년 12월 30일	2024년 12월 31일	본인	네이버 현대카드 320*	유미카츠마곡점	450-12-01662	 00466245	00개월	10,500원
2024년 12월 30일	2024년 12월 31일	본인	네이버 현대카드 320*	토스페이먼츠주식회사 - (주)비바리퍼블리	411-86-01799	 00254856	00개월	-3,500원
2024년 12월 30일	2024년 12월 31일	본인	네이버 현대카드 320*	토스페이먼츠주식회사 - (주)비바리퍼블리	411-86-01799	 00254856	00개월	22,300원
2024년 12월 29일	2024년 12월 30일	본인	Hyundai Mobility카드 180*	행촌에너지공항주유소	610-35-67800	 00476764	00개월	3,000원
2024년 12월 29일	2024년 12월 30일	본인	Hyundai Mobility카드 180*	행촌에너지공항주유소	610-35-67800	 00927208	00개월	45,000원
2024년 12월 22일	2024년 12월 23일	본인	네이버 현대카드 320*	이케아코리아고양지점	106-86-82871	 00332910	00개월	88,700원
2024년 12월 20일	2024년 12월 21일	본인	네이버 현대카드 320*	네이버파이낸셜	524-86-01528	 00406535	00개월	12,350원
2024년 12월 19일	2024년 12월 20일	본인	Hyundai Mobility카드 180*	행촌에너지공항주유소	610-35-67800	 00463699	00개월	3,000원
2024년 12월 18일	2024년 12월 19일	본인	Hyundai Mobility카드 180*	이케이에너지강서주유소	862-85-01874	 00456700	00개월	50,000원
2024년 12월 18일	2024년 12월 19일	본인	네이버 현대카드 320*	네이버페이	524-86-01528	 00074646	00개월	28,000원
2024년 12월 18일	2024년 12월 19일	본인	네이버 현대카드 320*	네이버파이낸셜	524-86-01528	 00710653	00개월	32,500원
2024년 12월 18일	2024년 12월 19일	본인	네이버 현대카드 320*	네이버페이	524-86-01528	 00149063	00개월	89,700원
2024년 12월 11일	2024년 12월 12일	본인	Hyundai Mobility카드 180*	서울시지방세입금_토스	104-83-00469	 00319910	00개월	43,690원
2024년 12월 07일	2024년 12월 10일	본인	현대카드 하이패스 000*	한국도로공사 0001건	129-82-00103	 94115194	00개월	900원
2024년 12월 07일	2024년 12월 08일	본인	Hyundai Mobility카드 180*	디오티디인천랍스터주유소	467-85-01174	 00362332	00개월	50,000원
2024년 11월 24일	2024년 11월 25일	본인	Hyundai Mobility카드 180*	이케이에너지강서주유소	862-85-01874	 00645341	00개월	25,000원
2024년 11월 04일	2024년 11월 04일	본인	Hyundai Mobility카드 700*	현대자동차	101-81-09147	 00922574	12개월	16,207,000원
2024년 11월 04일	2024년 11월 04일	본인	Hyundai Mobility카드 700*	현대자동차	101-81-09147	 00854131	00개월	1,900원
